{
	"type": "minecraft:root_system",
	"config": {
		"required_vertical_space_for_tree": 6,
		"root_radius": 5,
		"root_placement_attempts": 50,
		"root_column_max_height": 150,
		"hanging_root_radius": 6,
		"hanging_roots_vertical_span": 4,
		"hanging_root_placement_attempts": 40,
		"allowed_vertical_water_for_tree": 8,
		"root_replaceable": "#fokastudio:chorus_jungle/roots_replacable",
		"root_state_provider": {
			"type": "minecraft:simple_state_provider",
			"state": {
				"Name": "minecraft:rooted_dirt"
			}
		},
		"hanging_root_state_provider": {
			"type": "minecraft:weighted_state_provider",
			"entries": [
				{
					"weight": 1,
					"data": {
						"Name": "minecraft:rooted_dirt"
					}
				},
				{
					"weight": 1,
					"data": {
						"Name": "minecraft:coarse_dirt"
					}
				},
				{
					"weight": 1,
					"data": {
						"Name": "minecraft:purpur_block"
					}
				}
			]
		},
		"allowed_tree_position": {
			"type": "minecraft:all_of",
			"predicates": [
				{
					"type": "minecraft:matching_blocks",
					"blocks": [
						"minecraft:air"
					]
				}
			]
		},
		"feature": {
			"feature": "fokastudio:chorus_jungle/big_tree",
			"placement": [
				{
					"type": "minecraft:block_predicate_filter",
					"predicate": {
						"type": "minecraft:would_survive",
						"state": {
							"Name": "minecraft:oak_sapling",
							"Properties": {
								"stage": "0"
							}
						}
					}
				}
			]
		}
	}
}
