{
	"type": "minecraft:vegetation_patch",
	"config": {
		"surface": "floor",
		"depth": 1,
		"vertical_range": 1,
		"extra_bottom_block_chance": 0,
		"extra_edge_column_chance": 0,
		"vegetation_chance": 1,
		"xz_radius": 0,
		"replaceable": "#far_end:flesh_tundra/surface_inner",
		"ground_state": {
			"type": "minecraft:weighted_state_provider",
			"entries": [
				{
					"weight": 1,
					"data": {
						"Name": "minecraft:crimson_nylium"
					}
				},
				{
					"weight": 1,
					"data": {
						"Name": "minecraft:nether_wart_block"
					}
				},
				{
					"weight": 1,
					"data": {
						"Name": "minecraft:grass_block",
						"Properties": {
							"snowy": "false"
						}
					}
				}
			]
		},
		"vegetation_feature": {
			"feature": {
				"type": "minecraft:flower",
				"config": {
					"tries": 5,
					"xz_spread": 1,
					"y_spread": 1,
					"feature": {
						"feature": {
							"type": "minecraft:simple_block",
							"config": {
								"to_place": {
									"type": "minecraft:weighted_state_provider",
									"entries": [
										{
											"weight": 5,
											"data": {
												"Name": "minecraft:crimson_fungus"
											}
										},
										{
											"weight": 8,
											"data": {
												"Name": "minecraft:crimson_roots"
											}
										},
										{
											"weight": 8,
											"data": {
												"Name": "minecraft:grass"
											}
										},
										{
											"weight": 8,
											"data": {
												"Name": "minecraft:oak_leaves",
												"Properties": {
													"distance": "7",
													"persistent": "true"
												}
											}
										},
										{
											"weight": 1,
											"data": {
												"Name": "minecraft:red_mushroom_block",
												"Properties": {
													"down": "true",
													"east": "true",
													"north": "true",
													"south": "true",
													"up": "true",
													"west": "true"
												}
											}
										},
										{
											"weight": 1,
											"data": {
												"Name": "minecraft:red_mushroom"
											}
										},
										{
											"weight": 1,
											"data": {
												"Name": "minecraft:brown_mushroom"
											}
										}
									]
								}
							}
						},
						"placement": [
							{
								"type": "minecraft:block_predicate_filter",
								"predicate": {
									"type": "minecraft:all_of",
									"predicates": []
								}
							}
						]
					}
				}
			},
			"placement": []
		}
	}
}
