{
	"type": "minecraft:vegetation_patch",
	"config": {
		"surface": "ceiling",
		"depth": 2,
		"vertical_range": 20,
		"extra_bottom_block_chance": 0,
		"extra_edge_column_chance": 0.3,
		"vegetation_chance": 1,
		"xz_radius": {
			"type": "minecraft:uniform",
			"value": {
				"min_inclusive": 1,
				"max_inclusive": 3
			}
		},
		"replaceable": "#fokastudio:blazing_dunes/ground_blocks",
		"ground_state": {
			"type": "minecraft:weighted_state_provider",
			"entries": [
				{
					"weight": 1,
					"data": {
						"Name": "minecraft:magma_block"
					}
				},
				{
					"weight": 1,
					"data": {
						"Name": "minecraft:orange_concrete"
					}
				}
			]
		},
		"vegetation_feature": {
			"feature": {
				"type": "minecraft:block_column",
				"config": {
					"direction": "down",
					"allowed_placement": {
						"type": "minecraft:matching_blocks",
						"blocks": [
							"minecraft:air"
						]
					},
					"prioritize_tip": true,
					"layers": [
						{
							"height": {
								"type": "minecraft:uniform",
								"value": {
									"min_inclusive": 3,
									"max_inclusive": 12
								}
							},
							"provider": {
								"type": "minecraft:weighted_state_provider",
								"entries": [
									{
										"weight": 1,
										"data": {
											"Name": "minecraft:magma_block"
										}
									},
									{
										"weight": 1,
										"data": {
											"Name": "minecraft:orange_concrete"
										}
									}
								]
							}
						}
					]
				}
			},
			"placement": []
		}
	}
}
