{
	"temperature": 0.6,
	"downfall": 0.6,
	"precipitation": "none",
	"category": "forest",
	"effects": {
		"sky_color": 8049663,
		"fog_color": 12638463,
		"water_color": 16332781,
		"water_fog_color": 12990969,
		"grass_color": 5161443,
		"foliage_color": 5219299,
		"mood_sound": {
			"sound": "block.amethyst_block.chime",
			"tick_delay": 900,
			"block_search_extent": 6,
			"offset": 2
		},
		"additions_sound": {
			"sound": "ambient.warped_forest.additions",
			"tick_chance": 0.001
		},
		"particle": {
			"options": {
				"type": "end_rod"
			},
			"probability": 0.00083
		}
	},
	"spawners": {
		"monster": [
			{
				"type": "minecraft:spider",
				"weight": 100,
				"minCount": 4,
				"maxCount": 4
			},
			{
				"type": "minecraft:vex",
				"weight": 60,
				"minCount": 1,
				"maxCount": 3
			},
			{
				"type": "minecraft:zombie",
				"weight": 43,
				"minCount": 4,
				"maxCount": 4
			},
			{
				"type": "minecraft:husk",
				"weight": 43,
				"minCount": 4,
				"maxCount": 4
			},
			{
				"type": "minecraft:zombie_villager",
				"weight": 5,
				"minCount": 1,
				"maxCount": 1
			},
			{
				"type": "minecraft:skeleton",
				"weight": 50,
				"minCount": 4,
				"maxCount": 4
			},
			{
				"type": "minecraft:stray",
				"weight": 50,
				"minCount": 4,
				"maxCount": 4
			},
			{
				"type": "minecraft:creeper",
				"weight": 100,
				"minCount": 4,
				"maxCount": 4
			},
			{
				"type": "minecraft:slime",
				"weight": 100,
				"minCount": 4,
				"maxCount": 4
			},
			{
				"type": "minecraft:enderman",
				"weight": 10,
				"minCount": 1,
				"maxCount": 4
			},
			{
				"type": "minecraft:witch",
				"weight": 5,
				"minCount": 1,
				"maxCount": 1
			}
		],
		"creature": [
			{
				"type": "minecraft:sheep",
				"weight": 20,
				"minCount": 4,
				"maxCount": 4
			},
			{
				"type": "minecraft:pig",
				"weight": 10,
				"minCount": 4,
				"maxCount": 4
			},
			{
				"type": "minecraft:chicken",
				"weight": 10,
				"minCount": 4,
				"maxCount": 4
			},
			{
				"type": "minecraft:cow",
				"weight": 8,
				"minCount": 4,
				"maxCount": 4
			},
			{
				"type": "minecraft:horse",
				"weight": 10,
				"minCount": 4,
				"maxCount": 4
			}
		],
		"ambient": [
			{
				"type": "minecraft:bat",
				"weight": 10,
				"minCount": 8,
				"maxCount": 8
			}
		],
		"axolotls": [],
		"underground_water_creature": [
			{
				"type": "minecraft:glow_squid",
				"weight": 30,
				"minCount": 4,
				"maxCount": 6
			}
		],
		"water_creature": [],
		"water_ambient": [],
		"misc": []
	},
	"spawn_costs": {},
	"carvers": {
		"air": [
			"minecraft:cave",
			"minecraft:cave_extra_underground",
			"minecraft:canyon"
		]
	},
	"features": [
		[
			"fokastudio:the_hallow/stalactite",
			"fokastudio:the_hallow/crystals"
		],
		[],
		[
			"minecraft:amethyst_geode"
		],
		[
			"minecraft:monster_room"
		],
		[],
		[],
		[
			"minecraft:ore_dirt",
			"minecraft:ore_granite_upper",
			"minecraft:ore_diorite_upper",
			"minecraft:ore_andesite_upper"
		],
		[],
		[
			"minecraft:spring_water",
			"fokastudio:the_hallow/underground/crystals/crystal_down",
			"fokastudio:the_hallow/underground/crystals/crystal_east",
			"fokastudio:the_hallow/underground/crystals/crystal_north",
			"fokastudio:the_hallow/underground/crystals/crystal_south",
			"fokastudio:the_hallow/underground/crystals/crystal_up",
			"fokastudio:the_hallow/underground/crystals/crystal_west"
		],
		[
			"fokastudio:the_hallow/trees",
			"minecraft:glow_lichen",
			"fokastudio:the_hallow/flowers",
			"fokastudio:the_hallow/grass",
			"fokastudio:the_hallow/rock"
		],
		[
			"far_end:general/end_spike/center",
			"far_end:general/end_spike/ring",
			"fokastudio:global/strongholds",
			"fokastudio:the_hallow/calcite"
		]
	]
}
