{
	"type": "minecraft:random_patch",
	"config": {
		"tries": 64,
		"xz_spread": 7,
		"y_spread": 3,
		"feature": {
			"feature": {
				"type": "minecraft:simple_block",
				"config": {
					"to_place": {
						"type": "minecraft:weighted_state_provider",
						"entries": [
							{
								"weight": 11,
								"data": {
									"Name": "minecraft:grass"
								}
							},
							{
								"weight": 1,
								"data": {
									"Name": "minecraft:tall_grass",
									"Properties": {
										"half": "lower"
									}
								}
							}
						]
					}
				}
			},
			"placement": [
				{
					"type": "minecraft:block_predicate_filter",
					"predicate": {
						"type": "minecraft:matching_blocks",
						"blocks": [
							"minecraft:air"
						]
					}
				}
			]
		}
	}
}
