{
	"type": "minecraft:vegetation_patch",
	"config": {
		"surface": "floor",
		"depth": 1,
		"vertical_range": 25,
		"extra_bottom_block_chance": 0,
		"extra_edge_column_chance": 0.5,
		"vegetation_chance": 1,
		"xz_radius": {
			"type": "minecraft:uniform",
			"value": {
				"min_inclusive": 3,
				"max_inclusive": 6
			}
		},
		"replaceable": "#fokastudio:the_nest/surface_blocks",
		"ground_state": {
			"type": "minecraft:weighted_state_provider",
			"entries": [
				{
					"weight": 700,
					"data": {
						"Name": "minecraft:deepslate",
						"Properties": {
							"axis": "y"
						}
					}
				},
				{
					"weight": 500,
					"data": {
						"Name": "minecraft:cobbled_deepslate"
					}
				},
				{
					"weight": 280,
					"data": {
						"Name": "minecraft:polished_deepslate"
					}
				},
				{
					"weight": 20,
					"data": {
						"Name": "minecraft:deepslate_coal_ore"
					}
				},
				{
					"weight": 10,
					"data": {
						"Name": "minecraft:deepslate_iron_ore"
					}
				},
				{
					"weight": 5,
					"data": {
						"Name": "minecraft:deepslate_gold_ore"
					}
				},
				{
					"weight": 1,
					"data": {
						"Name": "minecraft:deepslate_emerald_ore"
					}
				},
				{
					"weight": 1,
					"data": {
						"Name": "minecraft:deepslate_diamond_ore"
					}
				}
			]
		},
		"vegetation_feature": {
			"feature": {
				"type": "minecraft:block_column",
				"config": {
					"direction": "up",
					"allowed_placement": {
						"type": "minecraft:matching_blocks",
						"blocks": [
							"minecraft:air"
						]
					},
					"prioritize_tip": true,
					"layers": [
						{
							"height": 1,
							"provider": {
								"type": "minecraft:weighted_state_provider",
								"entries": [
									{
										"weight": 360,
										"data": {
											"Name": "minecraft:deepslate",
											"Properties": {
												"axis": "y"
											}
										}
									},
									{
										"weight": 270,
										"data": {
											"Name": "minecraft:cobbled_deepslate"
										}
									},
									{
										"weight": 120,
										"data": {
											"Name": "minecraft:polished_deepslate"
										}
									},
									{
										"weight": 20,
										"data": {
											"Name": "minecraft:deepslate_coal_ore"
										}
									},
									{
										"weight": 10,
										"data": {
											"Name": "minecraft:deepslate_iron_ore"
										}
									},
									{
										"weight": 5,
										"data": {
											"Name": "minecraft:deepslate_gold_ore"
										}
									},
									{
										"weight": 1,
										"data": {
											"Name": "minecraft:deepslate_emerald_ore"
										}
									},
									{
										"weight": 1,
										"data": {
											"Name": "minecraft:deepslate_diamond_ore"
										}
									}
								]
							}
						}
					]
				}
			},
			"placement": []
		}
	}
}
