{
	"type": "minecraft:vegetation_patch",
	"config": {
		"surface": "floor",
		"depth": 1,
		"vertical_range": 1,
		"extra_bottom_block_chance": 0,
		"extra_edge_column_chance": 0.1,
		"vegetation_chance": 0.1,
		"xz_radius": {
			"type": "minecraft:uniform",
			"value": {
				"min_inclusive": 0,
				"max_inclusive": 5
			}
		},
		"replaceable": "#far_end:grass_block",
		"ground_state": {
			"type": "minecraft:weighted_state_provider",
			"entries": [
				{
					"weight": 20,
					"data": {
						"Name": "minecraft:grass_block",
						"Properties": {
							"snowy": "false"
						}
					}
				},
				{
					"weight": 1,
					"data": {
						"Name": "minecraft:crying_obsidian"
					}
				},
				{
					"weight": 3,
					"data": {
						"Name": "minecraft:obsidian"
					}
				}
			]
		},
		"vegetation_feature": {
			"feature": "far_end:nothing",
			"placement": []
		}
	}
}
