{
  "type": "minecraft:vegetation_patch",
  "config": {
    "surface": "ceiling",
    "depth": 4,
    "vertical_range": 25,
    "extra_bottom_block_chance": 0,
    "extra_edge_column_chance": 0.5,
    "vegetation_chance": 1,
    "xz_radius": {
      "type": "minecraft:uniform",
      "value": {
        "min_inclusive": 3,
        "max_inclusive": 6
      }
    },
    "replaceable": "#far_end:end_stone",
    "ground_state": {
      "type": "minecraft:simple_state_provider",
      "state": {
        "Name": "minecraft:oak_leaves",
        "Properties": {
          "distance": "7",
          "persistent": "true"
        }
      }
    },
    "vegetation_feature": {
      "feature": {
        "type": "minecraft:block_column",
        "config": {
          "direction": "down",
          "allowed_placement": {
            "type": "minecraft:matching_blocks",
            "blocks": [
              "minecraft:air"
            ]
          },
          "prioritize_tip": true,
          "layers": [
            {
              "height": {
                "type": "minecraft:weighted_list",
                "distribution": [
                  {
                    "weight": 1,
                    "data": 0
                  }
                ]
              },
              "provider": {
                "type": "minecraft:simple_state_provider",
                "state": {
                  "Name": "minecraft:oak_leaves",
                  "Properties": {
                    "distance": "7",
                    "persistent": "true"
                  }
                }
              }
            },
            {
              "height": 1,
              "provider": {
                "type": "minecraft:simple_state_provider",
                "state": {
                  "Name": "minecraft:oak_leaves",
                  "Properties": {
                    "distance": "7",
                    "persistent": "true"
                  }
                }
              }
            }
          ]
        }
      },
      "placement": [
        {
          "type": "minecraft:environment_scan",
          "direction_of_search": "up",
          "target_condition": {
            "type": "minecraft:solid"
          },
          "allowed_search_condition": {
            "type": "minecraft:matching_blocks",
            "blocks": [
              "minecraft:air"
            ]
          },
          "max_steps": 32
        }
      ]
    }
  }
}
